{"mean":{"confidence_interval":{"confidence_level":0.95,"lower_bound":2477805.722529411,"upper_bound":2681305.1999558825},"point_estimate":2574148.5582352937,"standard_error":51921.998922266896},"median":{"confidence_interval":{"confidence_level":0.95,"lower_bound":2313840.9411764704,"upper_bound":2341651.705882353},"point_estimate":2316984.2647058824,"standard_error":9801.485542572249},"median_abs_dev":{"confidence_interval":{"confidence_level":0.95,"lower_bound":37758.33285906748,"upper_bound":122549.22828902223},"point_estimate":82232.36393420119,"standard_error":22128.989922140565},"slope":null,"std_dev":{"confidence_interval":{"confidence_level":0.95,"lower_bound":383334.51314584655,"upper_bound":636281.8132420203},"point_estimate":520987.5943788392,"standard_error":64851.74142359881}}