{"mean":{"confidence_interval":{"confidence_level":0.95,"lower_bound":2342431.8389736842,"upper_bound":2373709.85368421},"point_estimate":2355276.505789473,"standard_error":8135.658451766876},"median":{"confidence_interval":{"confidence_level":0.95,"lower_bound":2339096.736842105,"upper_bound":2349525.789473684},"point_estimate":2342413.3684210526,"standard_error":3103.680141156254},"median_abs_dev":{"confidence_interval":{"confidence_level":0.95,"lower_bound":16825.558911812896,"upper_bound":33572.07183555576},"point_estimate":24321.38929978821,"standard_error":4413.446782874046},"slope":null,"std_dev":{"confidence_interval":{"confidence_level":0.95,"lower_bound":31348.938196510582,"upper_bound":130310.12899032887},"point_estimate":81689.45920498381,"standard_error":31363.17604454589}}