{"mean":{"confidence_interval":{"confidence_level":0.95,"lower_bound":2318662.7505263155,"upper_bound":2347699.731263158},"point_estimate":2331404.942631578,"standard_error":7454.39727763725},"median":{"confidence_interval":{"confidence_level":0.95,"lower_bound":2316017.5263157897,"upper_bound":2327050.763157895},"point_estimate":2325431.447368421,"standard_error":2846.510435167577},"median_abs_dev":{"confidence_interval":{"confidence_level":0.95,"lower_bound":19167.442617604753,"upper_bound":53921.61482164707},"point_estimate":33062.642681441575,"standard_error":8454.950166927205},"slope":null,"std_dev":{"confidence_interval":{"confidence_level":0.95,"lower_bound":38057.99310504186,"upper_bound":112202.29038231426},"point_estimate":74702.04682978465,"standard_error":21838.31334217266}}