{"mean":{"confidence_interval":{"confidence_level":0.95,"lower_bound":2343894.2720125,"upper_bound":2394060.0418125005},"point_estimate":2366394.317500001,"standard_error":12848.482719678363},"median":{"confidence_interval":{"confidence_level":0.95,"lower_bound":2335456.85,"upper_bound":2346280.35},"point_estimate":2342554.5,"standard_error":2784.0640006757235},"median_abs_dev":{"confidence_interval":{"confidence_level":0.95,"lower_bound":21934.028790593216,"upper_bound":59391.72716746093},"point_estimate":39194.457684159344,"standard_error":9315.329336084638},"slope":null,"std_dev":{"confidence_interval":{"confidence_level":0.95,"lower_bound":57764.99542556874,"upper_bound":182160.95075221633},"point_estimate":129078.55187006826,"standard_error":30750.07029455933}}