{"mean":{"confidence_interval":{"confidence_level":0.95,"lower_bound":2359729.3051973684,"upper_bound":2391886.854355262},"point_estimate":2373951.8242105264,"standard_error":8264.97727867107},"median":{"confidence_interval":{"confidence_level":0.95,"lower_bound":2340886.263157895,"upper_bound":2357231.736842105},"point_estimate":2347025.6842105263,"standard_error":3742.4039283823454},"median_abs_dev":{"confidence_interval":{"confidence_level":0.95,"lower_bound":15404.7599475634,"upper_bound":34363.39006361183},"point_estimate":22790.331716443634,"standard_error":4713.252356621386},"slope":null,"std_dev":{"confidence_interval":{"confidence_level":0.95,"lower_bound":42889.74082435219,"upper_bound":123212.57804185321},"point_estimate":83018.10567961521,"standard_error":22938.193651049805}}