{"mean":{"confidence_interval":{"confidence_level":0.95,"lower_bound":0.6758820407135024,"upper_bound":0.7103533504379931},"point_estimate":0.6905700191933216,"standard_error":0.008902399089378454},"median":{"confidence_interval":{"confidence_level":0.95,"lower_bound":0.6616726185539651,"upper_bound":0.6699511916452993},"point_estimate":0.6649925537555701,"standard_error":0.001841501986164321},"median_abs_dev":{"confidence_interval":{"confidence_level":0.95,"lower_bound":0.00945469478203107,"upper_bound":0.019616921444711152},"point_estimate":0.01327946825494084,"standard_error":0.0023964398898253018},"slope":{"confidence_interval":{"confidence_level":0.95,"lower_bound":0.6590201894119782,"upper_bound":0.668664982619787},"point_estimate":0.6630667336468059,"standard_error":0.00250514031541957},"std_dev":{"confidence_interval":{"confidence_level":0.95,"lower_bound":0.03373268270002441,"upper_bound":0.1394091766131313},"point_estimate":0.08983092468146167,"standard_error":0.029731573102651565}}