{"mean":{"confidence_interval":{"confidence_level":0.95,"lower_bound":2220099.0919375,"upper_bound":2252629.223762499},"point_estimate":2234487.835999999,"standard_error":8323.427389263725},"median":{"confidence_interval":{"confidence_level":0.95,"lower_bound":2194782.4,"upper_bound":2207220.85},"point_estimate":2196416.925,"standard_error":3400.0540275937383},"median_abs_dev":{"confidence_interval":{"confidence_level":0.95,"lower_bound":2472.7173011004234,"upper_bound":20810.40333554121},"point_estimate":4896.064023077281,"standard_error":5011.344561273389},"slope":null,"std_dev":{"confidence_interval":{"confidence_level":0.95,"lower_bound":45432.731625392196,"upper_bound":122373.35929918647},"point_estimate":83495.25021451668,"standard_error":22136.372435614714}}