{"mean":{"confidence_interval":{"confidence_level":0.95,"lower_bound":0.7011193081406735,"upper_bound":0.7305067065683185},"point_estimate":0.7137357730790896,"standard_error":0.007570756442699529},"median":{"confidence_interval":{"confidence_level":0.95,"lower_bound":0.6898876563191734,"upper_bound":0.6956391194421004},"point_estimate":0.6927261477623377,"standard_error":0.0014511770203692082},"median_abs_dev":{"confidence_interval":{"confidence_level":0.95,"lower_bound":0.00665075388100982,"upper_bound":0.0130462117804603},"point_estimate":0.010227713304751656,"standard_error":0.0016396363622151946},"slope":{"confidence_interval":{"confidence_level":0.95,"lower_bound":0.6883710332494948,"upper_bound":0.7090200355007557},"point_estimate":0.6954587736630014,"standard_error":0.005843095491124323},"std_dev":{"confidence_interval":{"confidence_level":0.95,"lower_bound":0.03110162213325605,"upper_bound":0.11727450531564852},"point_estimate":0.07614452911958652,"standard_error":0.024401999257879132}}