{"mean":{"confidence_interval":{"confidence_level":0.95,"lower_bound":1998448.3616363627,"upper_bound":2026631.3727045455},"point_estimate":2011302.5886363632,"standard_error":7220.228372691777},"median":{"confidence_interval":{"confidence_level":0.95,"lower_bound":1971960.5909090908,"upper_bound":2010963.3863636362},"point_estimate":1986030.7045454546,"standard_error":8803.952206598417},"median_abs_dev":{"confidence_interval":{"confidence_level":0.95,"lower_bound":12084.268040006842,"upper_bound":57631.72726319568},"point_estimate":32445.75695124558,"standard_error":11407.179003709332},"slope":null,"std_dev":{"confidence_interval":{"confidence_level":0.95,"lower_bound":43484.01853970633,"upper_bound":103029.08427045395},"point_estimate":72680.3129908733,"standard_error":16450.780756479155}}