{"mean":{"confidence_interval":{"confidence_level":0.95,"lower_bound":2205509.4464999996,"upper_bound":2230864.241750001},"point_estimate":2216861.966,"standard_error":6490.208229251347},"median":{"confidence_interval":{"confidence_level":0.95,"lower_bound":2194764.625,"upper_bound":2196701.675},"point_estimate":2195217.7750000004,"standard_error":614.2338270050806},"median_abs_dev":{"confidence_interval":{"confidence_level":0.95,"lower_bound":1700.912819802416,"upper_bound":15457.772650570369},"point_estimate":3052.636280805701,"standard_error":3321.743682193236},"slope":null,"std_dev":{"confidence_interval":{"confidence_level":0.95,"lower_bound":30381.93710702707,"upper_bound":94103.48415746164},"point_estimate":65114.815889298305,"standard_error":16595.30025385264}}