{"mean":{"confidence_interval":{"confidence_level":0.95,"lower_bound":2313875.108342105,"upper_bound":2339603.969763158},"point_estimate":2325722.722631579,"standard_error":6575.936655251051},"median":{"confidence_interval":{"confidence_level":0.95,"lower_bound":2302765.3684210526,"upper_bound":2325731.8684210526},"point_estimate":2323258.3684210526,"standard_error":5811.927302053058},"median_abs_dev":{"confidence_interval":{"confidence_level":0.95,"lower_bound":27244.53022683918,"upper_bound":54234.716526614684},"point_estimate":41907.014792844086,"standard_error":7205.751219659853},"slope":null,"std_dev":{"confidence_interval":{"confidence_level":0.95,"lower_bound":39198.84105246223,"upper_bound":89980.40806270391},"point_estimate":66193.19329552821,"standard_error":13134.509898620143}}