{"mean":{"confidence_interval":{"confidence_level":0.95,"lower_bound":2222964.515897727,"upper_bound":2257411.054375},"point_estimate":2238721.858636363,"standard_error":8820.30168577787},"median":{"confidence_interval":{"confidence_level":0.95,"lower_bound":2191503.1136363633,"upper_bound":2221411.5454545454},"point_estimate":2199579.909090909,"standard_error":7269.535631827452},"median_abs_dev":{"confidence_interval":{"confidence_level":0.95,"lower_bound":2390.2207212019025,"upper_bound":46207.43860147194},"point_estimate":14272.282342071197,"standard_error":10447.93826446601},"slope":null,"std_dev":{"confidence_interval":{"confidence_level":0.95,"lower_bound":48174.84222270246,"upper_bound":122674.84423380083},"point_estimate":88932.93211590985,"standard_error":18889.95227037568}}