{"mean":{"confidence_interval":{"confidence_level":0.95,"lower_bound":0.6709874192024567,"upper_bound":0.7050745172102612},"point_estimate":0.6853295582605751,"standard_error":0.008790758202688308},"median":{"confidence_interval":{"confidence_level":0.95,"lower_bound":0.6572485069709151,"upper_bound":0.6628680909748387},"point_estimate":0.6595024813352423,"standard_error":0.001602311476603137},"median_abs_dev":{"confidence_interval":{"confidence_level":0.95,"lower_bound":0.009080099686132067,"upper_bound":0.018591484324795182},"point_estimate":0.013476401379555032,"standard_error":0.002541332567560674},"slope":{"confidence_interval":{"confidence_level":0.95,"lower_bound":0.6543596769453395,"upper_bound":0.6631793701268064},"point_estimate":0.6580029079817881,"standard_error":0.0022914100208047583},"std_dev":{"confidence_interval":{"confidence_level":0.95,"lower_bound":0.03412458916964804,"upper_bound":0.1372859099618344},"point_estimate":0.08802280345445974,"standard_error":0.029620609815092222}}