{"mean":{"confidence_interval":{"confidence_level":0.95,"lower_bound":2019118.7798636362,"upper_bound":2045780.7295000008},"point_estimate":2030748.3522727278,"standard_error":6839.951287481336},"median":{"confidence_interval":{"confidence_level":0.95,"lower_bound":2025970.0,"upper_bound":2029090.5},"point_estimate":2027563.727272727,"standard_error":846.8966436563073},"median_abs_dev":{"confidence_interval":{"confidence_level":0.95,"lower_bound":14113.711535795246,"upper_bound":52321.256330202814},"point_estimate":38458.1715808676,"standard_error":11446.969008044754},"slope":null,"std_dev":{"confidence_interval":{"confidence_level":0.95,"lower_bound":35243.998286153095,"upper_bound":104107.63147057821},"point_estimate":68901.95290924971,"standard_error":20773.861135239196}}