{"mean":{"confidence_interval":{"confidence_level":0.95,"lower_bound":2244286.436037498,"upper_bound":2307816.9898750004},"point_estimate":2273924.1920000003,"standard_error":16253.586348446057},"median":{"confidence_interval":{"confidence_level":0.95,"lower_bound":2195679.0,"upper_bound":2212718.6},"point_estimate":2197369.325,"standard_error":5281.414646876707},"median_abs_dev":{"confidence_interval":{"confidence_level":0.95,"lower_bound":2792.6994404195357,"upper_bound":28191.416109502454},"point_estimate":5498.222002387392,"standard_error":7787.571152041261},"slope":null,"std_dev":{"confidence_interval":{"confidence_level":0.95,"lower_bound":101014.29574807406,"upper_bound":209804.9866608527},"point_estimate":162761.13042664307,"standard_error":27479.08055310441}}