{"mean":{"confidence_interval":{"confidence_level":0.95,"lower_bound":2025415.5031818198,"upper_bound":2049091.3434090903},"point_estimate":2035769.414999999,"standard_error":6093.280305717325},"median":{"confidence_interval":{"confidence_level":0.95,"lower_bound":2025698.0681818181,"upper_bound":2026878.1363636365},"point_estimate":2026072.3636363638,"standard_error":353.4167192340034},"median_abs_dev":{"confidence_interval":{"confidence_level":0.95,"lower_bound":2256.744604253082,"upper_bound":24100.740826671805},"point_estimate":10990.951645780458,"standard_error":6467.661048224268},"slope":null,"std_dev":{"confidence_interval":{"confidence_level":0.95,"lower_bound":28523.40803079521,"upper_bound":92480.54160677658},"point_estimate":61017.05928066981,"standard_error":18081.755853953822}}