{"mean":{"confidence_interval":{"confidence_level":0.95,"lower_bound":2161619.079397727,"upper_bound":2188780.200965908},"point_estimate":2173535.8299999996,"standard_error":7030.522925327367},"median":{"confidence_interval":{"confidence_level":0.95,"lower_bound":2152583.0,"upper_bound":2155978.409090909},"point_estimate":2154028.6136363638,"standard_error":921.4905919812292},"median_abs_dev":{"confidence_interval":{"confidence_level":0.95,"lower_bound":3505.3717695856126,"upper_bound":13218.726583502636},"point_estimate":5571.509614722389,"standard_error":2497.7999721305023},"slope":null,"std_dev":{"confidence_interval":{"confidence_level":0.95,"lower_bound":31351.91316321455,"upper_bound":106421.33437797704},"point_estimate":70599.01488362707,"standard_error":20675.916916714505}}