{"mean":{"confidence_interval":{"confidence_level":0.95,"lower_bound":2270471.7608181806,"upper_bound":2433545.209636364},"point_estimate":2348646.6259090905,"standard_error":41611.661057194404},"median":{"confidence_interval":{"confidence_level":0.95,"lower_bound":2091349.9545454546,"upper_bound":2161923.727272727},"point_estimate":2115531.9318181816,"standard_error":19450.74660672697},"median_abs_dev":{"confidence_interval":{"confidence_level":0.95,"lower_bound":43567.750217426845,"upper_bound":142996.96963402306},"point_estimate":78506.90336985997,"standard_error":27365.596986960096},"slope":null,"std_dev":{"confidence_interval":{"confidence_level":0.95,"lower_bound":326884.7680695523,"upper_bound":504765.16564045823},"point_estimate":417309.2398400114,"standard_error":45844.36334642661}}