{"mean":{"confidence_interval":{"confidence_level":0.95,"lower_bound":2008651.3004431815,"upper_bound":2040462.5218181803},"point_estimate":2022988.9968181816,"standard_error":8164.281922187368},"median":{"confidence_interval":{"confidence_level":0.95,"lower_bound":1996297.4090909092,"upper_bound":2022957.5909090908},"point_estimate":2020981.0,"standard_error":6510.843568094213},"median_abs_dev":{"confidence_interval":{"confidence_level":0.95,"lower_bound":33635.27386649115,"upper_bound":70430.39536676953},"point_estimate":49283.61115685906,"standard_error":9654.45930192681},"slope":null,"std_dev":{"confidence_interval":{"confidence_level":0.95,"lower_bound":42641.409832417194,"upper_bound":117289.76031293251},"point_estimate":82153.98159468452,"standard_error":19690.010411425377}}