{"mean":{"confidence_interval":{"confidence_level":0.95,"lower_bound":1791271.6765999997,"upper_bound":1816009.8296599993},"point_estimate":1802046.8835999998,"standard_error":6362.584945124627},"median":{"confidence_interval":{"confidence_level":0.95,"lower_bound":1780195.7400000002,"upper_bound":1786093.2},"point_estimate":1782009.1,"standard_error":1310.2452462116428},"median_abs_dev":{"confidence_interval":{"confidence_level":0.95,"lower_bound":8087.701464414707,"upper_bound":17452.840718150008},"point_estimate":11252.311108231655,"standard_error":2491.075043011517},"slope":null,"std_dev":{"confidence_interval":{"confidence_level":0.95,"lower_bound":27933.44906865722,"upper_bound":96596.12294181468},"point_estimate":63719.09681569951,"standard_error":18714.68138196759}}