{"mean":{"confidence_interval":{"confidence_level":0.95,"lower_bound":0.6988725392886863,"upper_bound":0.7274220547841616},"point_estimate":0.7111104487762278,"standard_error":0.007384997429971351},"median":{"confidence_interval":{"confidence_level":0.95,"lower_bound":0.6856451598177337,"upper_bound":0.6953229292964034},"point_estimate":0.6883138695308237,"standard_error":0.0029884390565592246},"median_abs_dev":{"confidence_interval":{"confidence_level":0.95,"lower_bound":0.009490675304599863,"upper_bound":0.020149465888229884},"point_estimate":0.012835689674152306,"standard_error":0.0028364258739023767},"slope":{"confidence_interval":{"confidence_level":0.95,"lower_bound":0.6836519071367123,"upper_bound":0.6929058682656715},"point_estimate":0.6872955452726008,"standard_error":0.002429488094612283},"std_dev":{"confidence_interval":{"confidence_level":0.95,"lower_bound":0.030615863417404708,"upper_bound":0.11493249118151745},"point_estimate":0.07423331827102929,"standard_error":0.024589593527384806}}