{"mean":{"confidence_interval":{"confidence_level":0.95,"lower_bound":2340273.268683334,"upper_bound":2386352.3564000004},"point_estimate":2361064.7866666657,"standard_error":11840.993186198126},"median":{"confidence_interval":{"confidence_level":0.95,"lower_bound":2329399.066666667,"upper_bound":2341988.066666667},"point_estimate":2335107.8,"standard_error":2895.6206321874215},"median_abs_dev":{"confidence_interval":{"confidence_level":0.95,"lower_bound":21220.997043251347,"upper_bound":42023.060753941994},"point_estimate":31704.46145713334,"standard_error":5263.033075211745},"slope":null,"std_dev":{"confidence_interval":{"confidence_level":0.95,"lower_bound":56995.713245480496,"upper_bound":164894.1115843947},"point_estimate":119574.19424532242,"standard_error":26728.786404925566}}