{"mean":{"confidence_interval":{"confidence_level":0.95,"lower_bound":2001971.9554545472,"upper_bound":2029001.1606704553},"point_estimate":2014036.9218181826,"standard_error":6914.516902729641},"median":{"confidence_interval":{"confidence_level":0.95,"lower_bound":1977649.0681818184,"upper_bound":2026114.4545454546},"point_estimate":2000641.25,"standard_error":14505.893080331773},"median_abs_dev":{"confidence_interval":{"confidence_level":0.95,"lower_bound":13929.939899512583,"upper_bound":67677.75729393413},"point_estimate":45940.48299802967,"standard_error":14071.446537728054},"slope":null,"std_dev":{"confidence_interval":{"confidence_level":0.95,"lower_bound":37115.551055801094,"upper_bound":102482.39504378926},"point_estimate":69341.99379995724,"standard_error":18852.719441729303}}