{"mean":{"confidence_interval":{"confidence_level":0.95,"lower_bound":0.6338675731583163,"upper_bound":0.6644276146642084},"point_estimate":0.6472089086617728,"standard_error":0.007853960030386813},"median":{"confidence_interval":{"confidence_level":0.95,"lower_bound":0.6188035722058863,"upper_bound":0.6311397640490157},"point_estimate":0.6243738542030837,"standard_error":0.0030811183755101875},"median_abs_dev":{"confidence_interval":{"confidence_level":0.95,"lower_bound":0.014865938853268229,"upper_bound":0.02918884162023274},"point_estimate":0.022325712711984906,"standard_error":0.0036126482777528966},"slope":{"confidence_interval":{"confidence_level":0.95,"lower_bound":0.615900660447356,"upper_bound":0.6238168628466765},"point_estimate":0.6194245483232883,"standard_error":0.002021204842962591},"std_dev":{"confidence_interval":{"confidence_level":0.95,"lower_bound":0.03427584437040635,"upper_bound":0.11886013668962836},"point_estimate":0.07880644968675282,"standard_error":0.022767842945343113}}