{"mean":{"confidence_interval":{"confidence_level":0.95,"lower_bound":1971800.8196041666,"upper_bound":1996893.5651041665},"point_estimate":1982891.7500000002,"standard_error":6447.501136416972},"median":{"confidence_interval":{"confidence_level":0.95,"lower_bound":1964722.3333333333,"upper_bound":1986538.5208333335},"point_estimate":1981634.9583333335,"standard_error":6507.547380504954},"median_abs_dev":{"confidence_interval":{"confidence_level":0.95,"lower_bound":26187.472210079315,"upper_bound":54862.4383009969},"point_estimate":42183.18155109859,"standard_error":7398.815910248493},"slope":null,"std_dev":{"confidence_interval":{"confidence_level":0.95,"lower_bound":33862.5652558668,"upper_bound":96418.53702902095},"point_estimate":64796.991627048184,"standard_error":18037.999875788017}}