{"mean":{"confidence_interval":{"confidence_level":0.95,"lower_bound":2035377.9215113635,"upper_bound":2056886.4335909097},"point_estimate":2044990.5672727271,"standard_error":5514.818531545103},"median":{"confidence_interval":{"confidence_level":0.95,"lower_bound":2025758.1136363638,"upper_bound":2026756.2272727273},"point_estimate":2026039.3409090908,"standard_error":305.5735110910618},"median_abs_dev":{"confidence_interval":{"confidence_level":0.95,"lower_bound":1220.921078324318,"upper_bound":3660.7752031900195},"point_estimate":1773.8297821445115,"standard_error":769.8697507175277},"slope":null,"std_dev":{"confidence_interval":{"confidence_level":0.95,"lower_bound":26597.442884682427,"upper_bound":79500.3764265171},"point_estimate":55403.37199336162,"standard_error":13658.473820143729}}