{"mean":{"confidence_interval":{"confidence_level":0.95,"lower_bound":2360764.167894736,"upper_bound":2448926.4926315784},"point_estimate":2400095.3642105255,"standard_error":22655.315965584698},"median":{"confidence_interval":{"confidence_level":0.95,"lower_bound":2326234.1052631577,"upper_bound":2356357.842105263},"point_estimate":2330182.236842105,"standard_error":8480.599412919715},"median_abs_dev":{"confidence_interval":{"confidence_level":0.95,"lower_bound":66069.88294281418,"upper_bound":100434.4824958786},"point_estimate":77055.51957409618,"standard_error":9770.995884686008},"slope":null,"std_dev":{"confidence_interval":{"confidence_level":0.95,"lower_bound":109876.32989508004,"upper_bound":327613.0556950106},"point_estimate":227414.88434781128,"standard_error":56477.96211799598}}